{"cameraMode":{"drawMode":0,"name":"Shaded","section":"Shading Mode"},"sceneLighting":true,"audioPlay":false,"sceneViewState":{"m_AlwaysRefresh":false,"showFog":true,"showSkybox":true,"showFlares":true,"showImageEffects":true,"showParticleSystems":true,"showVisualEffectGraphs":true,"m_FxEnabled":true},"in2DMode":false,"pivot":{"x":0.8351728916168213,"y":-5.263242721557617,"z":7.457353591918945},"rotation":{"x":0.31770649552345278,"y":0.08942124992609024,"z":-0.030112221837043763,"w":0.9434888362884522},"size":13.446407318115235,"orthographic":false}